term1	term2	value
1	1	0
1	2	33
1	3	59
1	4	66
1	5	34
1	6	19
1	7	19
1	8	5
1	9	8
1	10	28
1	11	10
1	12	17
1	13	12
1	14	13
1	15	20
1	16	7
1	17	9
1	18	10
1	19	8
1	20	18
1	21	12
1	22	18
1	23	5
1	24	23
1	25	2
1	26	4
1	27	4
1	28	5
1	29	6
1	30	30
1	31	16
1	32	1
1	33	17
1	34	5
1	35	0
1	36	2
1	37	1
1	38	7
1	39	21
1	40	16
1	41	9
1	42	14
1	43	21
1	44	4
1	45	11
1	46	3
1	47	34
1	48	7
1	49	2
2	1	33
2	2	0
2	3	24
2	4	15
2	5	10
2	6	70
2	7	9
2	8	17
2	9	3
2	10	5
2	11	3
2	12	24
2	13	17
2	14	3
2	15	4
2	16	5
2	17	2
2	18	9
2	19	0
2	20	27
2	21	7
2	22	2
2	23	0
2	24	6
2	25	8
2	26	1
2	27	8
2	28	5
2	29	6
2	30	2
2	31	2
2	32	6
2	33	4
2	34	0
2	35	6
2	36	1
2	37	2
2	38	0
2	39	4
2	40	17
2	41	7
2	42	12
2	43	3
2	44	7
2	45	7
2	46	4
2	47	1
2	48	0
2	49	4
3	1	59
3	2	24
3	3	0
3	4	38
3	5	64
3	6	10
3	7	21
3	8	5
3	9	5
3	10	16
3	11	6
3	12	4
3	13	32
3	14	5
3	15	4
3	16	8
3	17	5
3	18	8
3	19	6
3	20	15
3	21	19
3	22	6
3	23	5
3	24	16
3	25	2
3	26	2
3	27	2
3	28	0
3	29	2
3	30	11
3	31	5
3	32	4
3	33	2
3	34	4
3	35	0
3	36	2
3	37	0
3	38	6
3	39	12
3	40	5
3	41	2
3	42	5
3	43	0
3	44	3
3	45	4
3	46	1
3	47	5
3	48	6
3	49	4
4	1	66
4	2	15
4	3	38
4	4	0
4	5	22
4	6	0
4	7	9
4	8	0
4	9	4
4	10	1
4	11	3
4	12	7
4	13	13
4	14	4
4	15	0
4	16	0
4	17	0
4	18	5
4	19	7
4	20	7
4	21	7
4	22	69
4	23	0
4	24	26
4	25	0
4	26	0
4	27	0
4	28	0
4	29	0
4	30	12
4	31	7
4	32	0
4	33	4
4	34	0
4	35	0
4	36	3
4	37	4
4	38	1
4	39	76
4	40	1
4	41	0
4	42	0
4	43	0
4	44	1
4	45	1
4	46	0
4	47	5
4	48	1
4	49	1
5	1	34
5	2	10
5	3	64
5	4	22
5	5	0
5	6	1
5	7	14
5	8	2
5	9	1
5	10	13
5	11	3
5	12	1
5	13	11
5	14	3
5	15	7
5	16	13
5	17	8
5	18	13
5	19	4
5	20	15
5	21	13
5	22	0
5	23	5
5	24	14
5	25	0
5	26	4
5	27	0
5	28	2
5	29	5
5	30	4
5	31	9
5	32	10
5	33	0
5	34	5
5	35	0
5	36	1
5	37	1
5	38	5
5	39	2
5	40	0
5	41	1
5	42	1
5	43	0
5	44	31
5	45	0
5	46	0
5	47	0
5	48	5
5	49	3
6	1	19
6	2	70
6	3	10
6	4	0
6	5	1
6	6	0
6	7	20
6	8	7
6	9	3
6	10	1
6	11	1
6	12	44
6	13	7
6	14	2
6	15	0
6	16	1
6	17	1
6	18	0
6	19	0
6	20	22
6	21	16
6	22	0
6	23	3
6	24	0
6	25	8
6	26	1
6	27	10
6	28	5
6	29	2
6	30	0
6	31	3
6	32	3
6	33	28
6	34	2
6	35	4
6	36	0
6	37	1
6	38	0
6	39	2
6	40	1
6	41	3
6	42	0
6	43	0
6	44	1
6	45	0
6	46	0
6	47	1
6	48	0
6	49	0
7	1	19
7	2	9
7	3	21
7	4	9
7	5	14
7	6	20
7	7	0
7	8	6
7	9	16
7	10	6
7	11	17
7	12	10
7	13	8
7	14	3
7	15	1
7	16	16
7	17	2
7	18	10
7	19	6
7	20	1
7	21	72
7	22	2
7	23	0
7	24	3
7	25	1
7	26	0
7	27	0
7	28	1
7	29	0
7	30	2
7	31	1
7	32	3
7	33	12
7	34	0
7	35	4
7	36	1
7	37	1
7	38	0
7	39	5
7	40	3
7	41	2
7	42	1
7	43	0
7	44	2
7	45	2
7	46	0
7	47	0
7	48	0
7	49	9
8	1	5
8	2	17
8	3	5
8	4	0
8	5	2
8	6	7
8	7	6
8	8	0
8	9	4
8	10	4
8	11	5
8	12	1
8	13	0
8	14	5
8	15	3
8	16	11
8	17	5
8	18	4
8	19	5
8	20	1
8	21	3
8	22	8
8	23	7
8	24	4
8	25	9
8	26	10
8	27	9
8	28	7
8	29	5
8	30	2
8	31	0
8	32	6
8	33	0
8	34	8
8	35	6
8	36	7
8	37	3
8	38	2
8	39	0
8	40	1
8	41	0
8	42	1
8	43	0
8	44	1
8	45	0
8	46	24
8	47	0
8	48	1
8	49	0
9	1	8
9	2	3
9	3	5
9	4	4
9	5	1
9	6	3
9	7	16
9	8	4
9	9	0
9	10	5
9	11	9
9	12	4
9	13	6
9	14	8
9	15	0
9	16	2
9	17	2
9	18	1
9	19	5
9	20	0
9	21	6
9	22	0
9	23	0
9	24	1
9	25	0
9	26	0
9	27	0
9	28	2
9	29	6
9	30	6
9	31	0
9	32	1
9	33	5
9	34	0
9	35	2
9	36	3
9	37	4
9	38	2
9	39	5
9	40	3
9	41	3
9	42	1
9	43	0
9	44	1
9	45	1
9	46	1
9	47	0
9	48	2
9	49	5
10	1	28
10	2	5
10	3	16
10	4	1
10	5	13
10	6	1
10	7	6
10	8	4
10	9	5
10	10	0
10	11	4
10	12	2
10	13	10
10	14	8
10	15	3
10	16	2
10	17	2
10	18	3
10	19	0
10	20	8
10	21	2
10	22	11
10	23	3
10	24	6
10	25	1
10	26	2
10	27	1
10	28	9
10	29	0
10	30	3
10	31	1
10	32	3
10	33	2
10	34	2
10	35	2
10	36	2
10	37	0
10	38	5
10	39	0
10	40	1
10	41	2
10	42	3
10	43	1
10	44	1
10	45	3
10	46	4
10	47	0
10	48	5
10	49	2
11	1	10
11	2	3
11	3	6
11	4	3
11	5	3
11	6	1
11	7	17
11	8	5
11	9	9
11	10	4
11	11	0
11	12	1
11	13	6
11	14	5
11	15	0
11	16	5
11	17	0
11	18	1
11	19	0
11	20	3
11	21	0
11	22	1
11	23	0
11	24	0
11	25	0
11	26	0
11	27	0
11	28	0
11	29	0
11	30	2
11	31	0
11	32	4
11	33	1
11	34	0
11	35	10
11	36	0
11	37	0
11	38	0
11	39	0
11	40	0
11	41	0
11	42	0
11	43	0
11	44	0
11	45	0
11	46	0
11	47	0
11	48	0
11	49	0
12	1	17
12	2	24
12	3	4
12	4	7
12	5	1
12	6	44
12	7	10
12	8	1
12	9	4
12	10	2
12	11	1
12	12	0
12	13	1
12	14	1
12	15	0
12	16	2
12	17	1
12	18	0
12	19	0
12	20	12
12	21	5
12	22	4
12	23	9
12	24	2
12	25	13
12	26	0
12	27	14
12	28	9
12	29	2
12	30	0
12	31	2
12	32	1
12	33	54
12	34	8
12	35	4
12	36	1
12	37	0
12	38	0
12	39	6
12	40	2
12	41	3
12	42	1
12	43	0
12	44	2
12	45	6
12	46	0
12	47	1
12	48	0
12	49	0
13	1	12
13	2	17
13	3	32
13	4	13
13	5	11
13	6	7
13	7	8
13	8	0
13	9	6
13	10	10
13	11	6
13	12	1
13	13	0
13	14	1
13	15	8
13	16	1
13	17	0
13	18	4
13	19	3
13	20	5
13	21	5
13	22	3
13	23	1
13	24	5
13	25	0
13	26	1
13	27	0
13	28	0
13	29	1
13	30	15
13	31	1
13	32	3
13	33	0
13	34	0
13	35	2
13	36	0
13	37	1
13	38	0
13	39	6
13	40	0
13	41	3
13	42	6
13	43	8
13	44	2
13	45	2
13	46	2
13	47	0
13	48	0
13	49	2
14	1	13
14	2	3
14	3	5
14	4	4
14	5	3
14	6	2
14	7	3
14	8	5
14	9	8
14	10	8
14	11	5
14	12	1
14	13	1
14	14	0
14	15	6
14	16	2
14	17	5
14	18	3
14	19	10
14	20	0
14	21	1
14	22	2
14	23	0
14	24	3
14	25	0
14	26	0
14	27	0
14	28	10
14	29	1
14	30	1
14	31	0
14	32	0
14	33	0
14	34	0
14	35	4
14	36	4
14	37	9
14	38	13
14	39	0
14	40	0
14	41	2
14	42	0
14	43	0
14	44	0
14	45	5
14	46	1
14	47	0
14	48	12
14	49	1
15	1	20
15	2	4
15	3	4
15	4	0
15	5	7
15	6	0
15	7	1
15	8	3
15	9	0
15	10	3
15	11	0
15	12	0
15	13	8
15	14	6
15	15	0
15	16	3
15	17	43
15	18	4
15	19	0
15	20	1
15	21	0
15	22	0
15	23	0
15	24	3
15	25	0
15	26	0
15	27	0
15	28	0
15	29	0
15	30	14
15	31	13
15	32	7
15	33	0
15	34	0
15	35	1
15	36	0
15	37	0
15	38	0
15	39	0
15	40	0
15	41	0
15	42	0
15	43	28
15	44	0
15	45	0
15	46	0
15	47	4
15	48	0
15	49	0
16	1	7
16	2	5
16	3	8
16	4	0
16	5	13
16	6	1
16	7	16
16	8	11
16	9	2
16	10	2
16	11	5
16	12	2
16	13	1
16	14	2
16	15	3
16	16	0
16	17	5
16	18	2
16	19	9
16	20	3
16	21	12
16	22	1
16	23	9
16	24	7
16	25	10
16	26	8
16	27	11
16	28	1
16	29	8
16	30	1
16	31	0
16	32	2
16	33	0
16	34	9
16	35	1
16	36	5
16	37	0
16	38	1
16	39	0
16	40	0
16	41	6
16	42	1
16	43	0
16	44	3
16	45	0
16	46	3
16	47	2
16	48	1
16	49	7
17	1	9
17	2	2
17	3	5
17	4	0
17	5	8
17	6	1
17	7	2
17	8	5
17	9	2
17	10	2
17	11	0
17	12	1
17	13	0
17	14	5
17	15	43
17	16	5
17	17	0
17	18	4
17	19	0
17	20	2
17	21	1
17	22	0
17	23	0
17	24	1
17	25	2
17	26	0
17	27	0
17	28	0
17	29	0
17	30	6
17	31	28
17	32	5
17	33	0
17	34	0
17	35	0
17	36	0
17	37	0
17	38	0
17	39	0
17	40	1
17	41	2
17	42	0
17	43	0
17	44	0
17	45	0
17	46	0
17	47	4
17	48	0
17	49	1
18	1	10
18	2	9
18	3	8
18	4	5
18	5	13
18	6	0
18	7	10
18	8	4
18	9	1
18	10	3
18	11	1
18	12	0
18	13	4
18	14	3
18	15	4
18	16	2
18	17	4
18	18	0
18	19	9
18	20	2
18	21	6
18	22	4
18	23	1
18	24	1
18	25	1
18	26	0
18	27	1
18	28	1
18	29	0
18	30	3
18	31	4
18	32	6
18	33	0
18	34	0
18	35	0
18	36	3
18	37	7
18	38	4
18	39	1
18	40	3
18	41	2
18	42	2
18	43	0
18	44	10
18	45	0
18	46	0
18	47	4
18	48	3
18	49	0
19	1	8
19	2	0
19	3	6
19	4	7
19	5	4
19	6	0
19	7	6
19	8	5
19	9	5
19	10	0
19	11	0
19	12	0
19	13	3
19	14	10
19	15	0
19	16	9
19	17	0
19	18	9
19	19	0
19	20	7
19	21	3
19	22	3
19	23	0
19	24	0
19	25	0
19	26	0
19	27	0
19	28	1
19	29	2
19	30	0
19	31	4
19	32	0
19	33	0
19	34	0
19	35	3
19	36	0
19	37	26
19	38	0
19	39	0
19	40	0
19	41	4
19	42	0
19	43	0
19	44	1
19	45	2
19	46	0
19	47	0
19	48	0
19	49	0
20	1	18
20	2	27
20	3	15
20	4	7
20	5	15
20	6	22
20	7	1
20	8	1
20	9	0
20	10	8
20	11	3
20	12	12
20	13	5
20	14	0
20	15	1
20	16	3
20	17	2
20	18	2
20	19	7
20	20	0
20	21	1
20	22	0
20	23	4
20	24	0
20	25	5
20	26	3
20	27	5
20	28	0
20	29	3
20	30	3
20	31	8
20	32	0
20	33	1
20	34	4
20	35	0
20	36	9
20	37	0
20	38	6
20	39	0
20	40	1
20	41	0
20	42	0
20	43	0
20	44	1
20	45	0
20	46	1
20	47	0
20	48	7
20	49	0
21	1	12
21	2	7
21	3	19
21	4	7
21	5	13
21	6	16
21	7	72
21	8	3
21	9	6
21	10	2
21	11	0
21	12	5
21	13	5
21	14	1
21	15	0
21	16	12
21	17	1
21	18	6
21	19	3
21	20	1
21	21	0
21	22	0
21	23	0
21	24	2
21	25	0
21	26	0
21	27	0
21	28	0
21	29	0
21	30	2
21	31	0
21	32	1
21	33	7
21	34	0
21	35	1
21	36	0
21	37	0
21	38	0
21	39	5
21	40	3
21	41	2
21	42	1
21	43	0
21	44	2
21	45	0
21	46	0
21	47	0
21	48	0
21	49	8
22	1	18
22	2	2
22	3	6
22	4	69
22	5	0
22	6	0
22	7	2
22	8	8
22	9	0
22	10	11
22	11	1
22	12	4
22	13	3
22	14	2
22	15	0
22	16	1
22	17	0
22	18	4
22	19	3
22	20	0
22	21	0
22	22	0
22	23	2
22	24	7
22	25	5
22	26	2
22	27	5
22	28	0
22	29	0
22	30	5
22	31	0
22	32	0
22	33	3
22	34	1
22	35	1
22	36	0
22	37	3
22	38	2
22	39	23
22	40	0
22	41	3
22	42	1
22	43	0
22	44	0
22	45	0
22	46	7
22	47	0
22	48	1
22	49	1
23	1	5
23	2	0
23	3	5
23	4	0
23	5	5
23	6	3
23	7	0
23	8	7
23	9	0
23	10	3
23	11	0
23	12	9
23	13	1
23	14	0
23	15	0
23	16	9
23	17	0
23	18	1
23	19	0
23	20	4
23	21	0
23	22	2
23	23	0
23	24	5
23	25	36
23	26	29
23	27	35
23	28	0
23	29	0
23	30	1
23	31	0
23	32	5
23	33	6
23	34	56
23	35	3
23	36	0
23	37	0
23	38	0
23	39	0
23	40	0
23	41	0
23	42	0
23	43	0
23	44	0
23	45	4
23	46	0
23	47	0
23	48	0
23	49	1
24	1	23
24	2	6
24	3	16
24	4	26
24	5	14
24	6	0
24	7	3
24	8	4
24	9	1
24	10	6
24	11	0
24	12	2
24	13	5
24	14	3
24	15	3
24	16	7
24	17	1
24	18	1
24	19	0
24	20	0
24	21	2
24	22	7
24	23	5
24	24	0
24	25	1
24	26	5
24	27	1
24	28	4
24	29	3
24	30	2
24	31	0
24	32	2
24	33	0
24	34	5
24	35	4
24	36	2
24	37	1
24	38	1
24	39	6
24	40	0
24	41	1
24	42	2
24	43	5
24	44	1
24	45	4
24	46	2
24	47	0
24	48	1
24	49	1
25	1	2
25	2	8
25	3	2
25	4	0
25	5	0
25	6	8
25	7	1
25	8	9
25	9	0
25	10	1
25	11	0
25	12	13
25	13	0
25	14	0
25	15	0
25	16	10
25	17	2
25	18	1
25	19	0
25	20	5
25	21	0
25	22	5
25	23	36
25	24	1
25	25	0
25	26	1
25	27	69
25	28	0
25	29	0
25	30	0
25	31	1
25	32	4
25	33	9
25	34	26
25	35	1
25	36	0
25	37	0
25	38	0
25	39	2
25	40	0
25	41	0
25	42	0
25	43	0
25	44	0
25	45	2
25	46	0
25	47	0
25	48	0
25	49	2
26	1	4
26	2	1
26	3	2
26	4	0
26	5	4
26	6	1
26	7	0
26	8	10
26	9	0
26	10	2
26	11	0
26	12	0
26	13	1
26	14	0
26	15	0
26	16	8
26	17	0
26	18	0
26	19	0
26	20	3
26	21	0
26	22	2
26	23	29
26	24	5
26	25	1
26	26	0
26	27	1
26	28	0
26	29	0
26	30	7
26	31	0
26	32	5
26	33	0
26	34	32
26	35	3
26	36	0
26	37	0
26	38	0
26	39	0
26	40	0
26	41	0
26	42	0
26	43	0
26	44	0
26	45	3
26	46	0
26	47	0
26	48	0
26	49	0
27	1	4
27	2	8
27	3	2
27	4	0
27	5	0
27	6	10
27	7	0
27	8	9
27	9	0
27	10	1
27	11	0
27	12	14
27	13	0
27	14	0
27	15	0
27	16	11
27	17	0
27	18	1
27	19	0
27	20	5
27	21	0
27	22	5
27	23	35
27	24	1
27	25	69
27	26	1
27	27	0
27	28	0
27	29	0
27	30	0
27	31	0
27	32	4
27	33	10
27	34	26
27	35	1
27	36	0
27	37	0
27	38	0
27	39	2
27	40	0
27	41	0
27	42	0
27	43	0
27	44	0
27	45	2
27	46	0
27	47	0
27	48	0
27	49	1
28	1	5
28	2	5
28	3	0
28	4	0
28	5	2
28	6	5
28	7	1
28	8	7
28	9	2
28	10	9
28	11	0
28	12	9
28	13	0
28	14	10
28	15	0
28	16	1
28	17	0
28	18	1
28	19	1
28	20	0
28	21	0
28	22	0
28	23	0
28	24	4
28	25	0
28	26	0
28	27	0
28	28	0
28	29	0
28	30	0
28	31	1
28	32	1
28	33	4
28	34	0
28	35	9
28	36	16
28	37	1
28	38	0
28	39	0
28	40	0
28	41	2
28	42	0
28	43	0
28	44	0
28	45	15
28	46	1
28	47	0
28	48	0
28	49	1
29	1	6
29	2	6
29	3	2
29	4	0
29	5	5
29	6	2
29	7	0
29	8	5
29	9	6
29	10	0
29	11	0
29	12	2
29	13	1
29	14	1
29	15	0
29	16	8
29	17	0
29	18	0
29	19	2
29	20	3
29	21	0
29	22	0
29	23	0
29	24	3
29	25	0
29	26	0
29	27	0
29	28	0
29	29	0
29	30	0
29	31	0
29	32	3
29	33	0
29	34	0
29	35	10
29	36	0
29	37	1
29	38	0
29	39	0
29	40	0
29	41	3
29	42	0
29	43	0
29	44	4
29	45	0
29	46	0
29	47	0
29	48	0
29	49	0
30	1	30
30	2	2
30	3	11
30	4	12
30	5	4
30	6	0
30	7	2
30	8	2
30	9	6
30	10	3
30	11	2
30	12	0
30	13	15
30	14	1
30	15	14
30	16	1
30	17	6
30	18	3
30	19	0
30	20	3
30	21	2
30	22	5
30	23	1
30	24	2
30	25	0
30	26	7
30	27	0
30	28	0
30	29	0
30	30	0
30	31	4
30	32	0
30	33	0
30	34	1
30	35	0
30	36	0
30	37	0
30	38	1
30	39	6
30	40	0
30	41	0
30	42	1
30	43	14
30	44	0
30	45	1
30	46	0
30	47	3
30	48	1
30	49	2
31	1	16
31	2	2
31	3	5
31	4	7
31	5	9
31	6	3
31	7	1
31	8	0
31	9	0
31	10	1
31	11	0
31	12	2
31	13	1
31	14	0
31	15	13
31	16	0
31	17	28
31	18	4
31	19	4
31	20	8
31	21	0
31	22	0
31	23	0
31	24	0
31	25	1
31	26	0
31	27	0
31	28	1
31	29	0
31	30	4
31	31	0
31	32	2
31	33	1
31	34	0
31	35	0
31	36	6
31	37	0
31	38	0
31	39	1
31	40	0
31	41	2
31	42	0
31	43	0
31	44	0
31	45	0
31	46	0
31	47	9
31	48	0
31	49	0
32	1	1
32	2	6
32	3	4
32	4	0
32	5	10
32	6	3
32	7	3
32	8	6
32	9	1
32	10	3
32	11	4
32	12	1
32	13	3
32	14	0
32	15	7
32	16	2
32	17	5
32	18	6
32	19	0
32	20	0
32	21	1
32	22	0
32	23	5
32	24	2
32	25	4
32	26	5
32	27	4
32	28	1
32	29	3
32	30	0
32	31	2
32	32	0
32	33	0
32	34	4
32	35	2
32	36	1
32	37	0
32	38	3
32	39	0
32	40	2
32	41	1
32	42	1
32	43	0
32	44	8
32	45	2
32	46	0
32	47	0
32	48	1
32	49	3
33	1	17
33	2	4
33	3	2
33	4	4
33	5	0
33	6	28
33	7	12
33	8	0
33	9	5
33	10	2
33	11	1
33	12	54
33	13	0
33	14	0
33	15	0
33	16	0
33	17	0
33	18	0
33	19	0
33	20	1
33	21	7
33	22	3
33	23	6
33	24	0
33	25	9
33	26	0
33	27	10
33	28	4
33	29	0
33	30	0
33	31	1
33	32	0
33	33	0
33	34	6
33	35	3
33	36	0
33	37	0
33	38	0
33	39	5
33	40	2
33	41	2
33	42	1
33	43	0
33	44	2
33	45	3
33	46	0
33	47	1
33	48	0
33	49	0
34	1	5
34	2	0
34	3	4
34	4	0
34	5	5
34	6	2
34	7	0
34	8	8
34	9	0
34	10	2
34	11	0
34	12	8
34	13	0
34	14	0
34	15	0
34	16	9
34	17	0
34	18	0
34	19	0
34	20	4
34	21	0
34	22	1
34	23	56
34	24	5
34	25	26
34	26	32
34	27	26
34	28	0
34	29	0
34	30	1
34	31	0
34	32	4
34	33	6
34	34	0
34	35	3
34	36	0
34	37	0
34	38	0
34	39	0
34	40	0
34	41	0
34	42	0
34	43	0
34	44	0
34	45	3
34	46	0
34	47	0
34	48	0
34	49	1
35	1	0
35	2	6
35	3	0
35	4	0
35	5	0
35	6	4
35	7	4
35	8	6
35	9	2
35	10	2
35	11	10
35	12	4
35	13	2
35	14	4
35	15	1
35	16	1
35	17	0
35	18	0
35	19	3
35	20	0
35	21	1
35	22	1
35	23	3
35	24	4
35	25	1
35	26	3
35	27	1
35	28	9
35	29	10
35	30	0
35	31	0
35	32	2
35	33	3
35	34	3
35	35	0
35	36	1
35	37	5
35	38	1
35	39	0
35	40	0
35	41	1
35	42	0
35	43	0
35	44	0
35	45	4
35	46	1
35	47	0
35	48	0
35	49	1
36	1	2
36	2	1
36	3	2
36	4	3
36	5	1
36	6	0
36	7	1
36	8	7
36	9	3
36	10	2
36	11	0
36	12	1
36	13	0
36	14	4
36	15	0
36	16	5
36	17	0
36	18	3
36	19	0
36	20	9
36	21	0
36	22	0
36	23	0
36	24	2
36	25	0
36	26	0
36	27	0
36	28	16
36	29	0
36	30	0
36	31	6
36	32	1
36	33	0
36	34	0
36	35	1
36	36	0
36	37	0
36	38	0
36	39	0
36	40	1
36	41	0
36	42	0
36	43	0
36	44	1
36	45	3
36	46	0
36	47	3
36	48	0
36	49	0
37	1	1
37	2	2
37	3	0
37	4	4
37	5	1
37	6	1
37	7	1
37	8	3
37	9	4
37	10	0
37	11	0
37	12	0
37	13	1
37	14	9
37	15	0
37	16	0
37	17	0
37	18	7
37	19	26
37	20	0
37	21	0
37	22	3
37	23	0
37	24	1
37	25	0
37	26	0
37	27	0
37	28	1
37	29	1
37	30	0
37	31	0
37	32	0
37	33	0
37	34	0
37	35	5
37	36	0
37	37	0
37	38	0
37	39	0
37	40	0
37	41	1
37	42	0
37	43	0
37	44	1
37	45	2
37	46	0
37	47	0
37	48	0
37	49	0
38	1	7
38	2	0
38	3	6
38	4	1
38	5	5
38	6	0
38	7	0
38	8	2
38	9	2
38	10	5
38	11	0
38	12	0
38	13	0
38	14	13
38	15	0
38	16	1
38	17	0
38	18	4
38	19	0
38	20	6
38	21	0
38	22	2
38	23	0
38	24	1
38	25	0
38	26	0
38	27	0
38	28	0
38	29	0
38	30	1
38	31	0
38	32	3
38	33	0
38	34	0
38	35	1
38	36	0
38	37	0
38	38	0
38	39	0
38	40	0
38	41	0
38	42	0
38	43	0
38	44	0
38	45	0
38	46	0
38	47	0
38	48	42
38	49	0
39	1	21
39	2	4
39	3	12
39	4	76
39	5	2
39	6	2
39	7	5
39	8	0
39	9	5
39	10	0
39	11	0
39	12	6
39	13	6
39	14	0
39	15	0
39	16	0
39	17	0
39	18	1
39	19	0
39	20	0
39	21	5
39	22	23
39	23	0
39	24	6
39	25	2
39	26	0
39	27	2
39	28	0
39	29	0
39	30	6
39	31	1
39	32	0
39	33	5
39	34	0
39	35	0
39	36	0
39	37	0
39	38	0
39	39	0
39	40	1
39	41	2
39	42	0
39	43	0
39	44	0
39	45	0
39	46	0
39	47	0
39	48	0
39	49	0
40	1	16
40	2	17
40	3	5
40	4	1
40	5	0
40	6	1
40	7	3
40	8	1
40	9	3
40	10	1
40	11	0
40	12	2
40	13	0
40	14	0
40	15	0
40	16	0
40	17	1
40	18	3
40	19	0
40	20	1
40	21	3
40	22	0
40	23	0
40	24	0
40	25	0
40	26	0
40	27	0
40	28	0
40	29	0
40	30	0
40	31	0
40	32	2
40	33	2
40	34	0
40	35	0
40	36	1
40	37	0
40	38	0
40	39	1
40	40	0
40	41	6
40	42	3
40	43	0
40	44	16
40	45	8
40	46	0
40	47	0
40	48	0
40	49	5
41	1	9
41	2	7
41	3	2
41	4	0
41	5	1
41	6	3
41	7	2
41	8	0
41	9	3
41	10	2
41	11	0
41	12	3
41	13	3
41	14	2
41	15	0
41	16	6
41	17	2
41	18	2
41	19	4
41	20	0
41	21	2
41	22	3
41	23	0
41	24	1
41	25	0
41	26	0
41	27	0
41	28	2
41	29	3
41	30	0
41	31	2
41	32	1
41	33	2
41	34	0
41	35	1
41	36	0
41	37	1
41	38	0
41	39	2
41	40	6
41	41	0
41	42	16
41	43	0
41	44	2
41	45	1
41	46	0
41	47	1
41	48	0
41	49	5
42	1	14
42	2	12
42	3	5
42	4	0
42	5	1
42	6	0
42	7	1
42	8	1
42	9	1
42	10	3
42	11	0
42	12	1
42	13	6
42	14	0
42	15	0
42	16	1
42	17	0
42	18	2
42	19	0
42	20	0
42	21	1
42	22	1
42	23	0
42	24	2
42	25	0
42	26	0
42	27	0
42	28	0
42	29	0
42	30	1
42	31	0
42	32	1
42	33	1
42	34	0
42	35	0
42	36	0
42	37	0
42	38	0
42	39	0
42	40	3
42	41	16
42	42	0
42	43	1
42	44	0
42	45	0
42	46	0
42	47	0
42	48	0
42	49	9
43	1	21
43	2	3
43	3	0
43	4	0
43	5	0
43	6	0
43	7	0
43	8	0
43	9	0
43	10	1
43	11	0
43	12	0
43	13	8
43	14	0
43	15	28
43	16	0
43	17	0
43	18	0
43	19	0
43	20	0
43	21	0
43	22	0
43	23	0
43	24	5
43	25	0
43	26	0
43	27	0
43	28	0
43	29	0
43	30	14
43	31	0
43	32	0
43	33	0
43	34	0
43	35	0
43	36	0
43	37	0
43	38	0
43	39	0
43	40	0
43	41	0
43	42	1
43	43	0
43	44	0
43	45	2
43	46	0
43	47	0
43	48	0
43	49	0
44	1	4
44	2	7
44	3	3
44	4	1
44	5	31
44	6	1
44	7	2
44	8	1
44	9	1
44	10	1
44	11	0
44	12	2
44	13	2
44	14	0
44	15	0
44	16	3
44	17	0
44	18	10
44	19	1
44	20	1
44	21	2
44	22	0
44	23	0
44	24	1
44	25	0
44	26	0
44	27	0
44	28	0
44	29	4
44	30	0
44	31	0
44	32	8
44	33	2
44	34	0
44	35	0
44	36	1
44	37	1
44	38	0
44	39	0
44	40	16
44	41	2
44	42	0
44	43	0
44	44	0
44	45	0
44	46	0
44	47	0
44	48	0
44	49	0
45	1	11
45	2	7
45	3	4
45	4	1
45	5	0
45	6	0
45	7	2
45	8	0
45	9	1
45	10	3
45	11	0
45	12	6
45	13	2
45	14	5
45	15	0
45	16	0
45	17	0
45	18	0
45	19	2
45	20	0
45	21	0
45	22	0
45	23	4
45	24	4
45	25	2
45	26	3
45	27	2
45	28	15
45	29	0
45	30	1
45	31	0
45	32	2
45	33	3
45	34	3
45	35	4
45	36	3
45	37	2
45	38	0
45	39	0
45	40	8
45	41	1
45	42	0
45	43	2
45	44	0
45	45	0
45	46	0
45	47	0
45	48	0
45	49	2
46	1	3
46	2	4
46	3	1
46	4	0
46	5	0
46	6	0
46	7	0
46	8	24
46	9	1
46	10	4
46	11	0
46	12	0
46	13	2
46	14	1
46	15	0
46	16	3
46	17	0
46	18	0
46	19	0
46	20	1
46	21	0
46	22	7
46	23	0
46	24	2
46	25	0
46	26	0
46	27	0
46	28	1
46	29	0
46	30	0
46	31	0
46	32	0
46	33	0
46	34	0
46	35	1
46	36	0
46	37	0
46	38	0
46	39	0
46	40	0
46	41	0
46	42	0
46	43	0
46	44	0
46	45	0
46	46	0
46	47	0
46	48	0
46	49	2
47	1	34
47	2	1
47	3	5
47	4	5
47	5	0
47	6	1
47	7	0
47	8	0
47	9	0
47	10	0
47	11	0
47	12	1
47	13	0
47	14	0
47	15	4
47	16	2
47	17	4
47	18	4
47	19	0
47	20	0
47	21	0
47	22	0
47	23	0
47	24	0
47	25	0
47	26	0
47	27	0
47	28	0
47	29	0
47	30	3
47	31	9
47	32	0
47	33	1
47	34	0
47	35	0
47	36	3
47	37	0
47	38	0
47	39	0
47	40	0
47	41	1
47	42	0
47	43	0
47	44	0
47	45	0
47	46	0
47	47	0
47	48	0
47	49	0
48	1	7
48	2	0
48	3	6
48	4	1
48	5	5
48	6	0
48	7	0
48	8	1
48	9	2
48	10	5
48	11	0
48	12	0
48	13	0
48	14	12
48	15	0
48	16	1
48	17	0
48	18	3
48	19	0
48	20	7
48	21	0
48	22	1
48	23	0
48	24	1
48	25	0
48	26	0
48	27	0
48	28	0
48	29	0
48	30	1
48	31	0
48	32	1
48	33	0
48	34	0
48	35	0
48	36	0
48	37	0
48	38	42
48	39	0
48	40	0
48	41	0
48	42	0
48	43	0
48	44	0
48	45	0
48	46	0
48	47	0
48	48	0
48	49	0
49	1	2
49	2	4
49	3	4
49	4	1
49	5	3
49	6	0
49	7	9
49	8	0
49	9	5
49	10	2
49	11	0
49	12	0
49	13	2
49	14	1
49	15	0
49	16	7
49	17	1
49	18	0
49	19	0
49	20	0
49	21	8
49	22	1
49	23	1
49	24	1
49	25	2
49	26	0
49	27	1
49	28	1
49	29	0
49	30	2
49	31	0
49	32	3
49	33	0
49	34	1
49	35	1
49	36	0
49	37	0
49	38	0
49	39	0
49	40	5
49	41	5
49	42	9
49	43	0
49	44	0
49	45	2
49	46	2
49	47	0
49	48	0
49	49	0
